{
  "controller_name": "dtd with blll",
  "total_reward": 0,
  "sim_run_time": 0.9314064979553223,
  "sim_start_time": 1584467937.2704523,
  "sim_end_time": 1584467938.2018588
}