{
  "controller_name": "dtd with blll",
  "total_reward": 0,
  "sim_run_time": 0.9618980884552002,
  "sim_start_time": 1584467938.2201104,
  "sim_end_time": 1584467939.1820085
}